<?xml version="1.0" encoding="UTF-8"?>
<project-private xmlns="http://www.netbeans.org/ns/project-private/1">
    <editor-bookmarks xmlns="http://www.netbeans.org/ns/editor-bookmarks/2" lastBookmarkId="0"/>
    <open-files xmlns="http://www.netbeans.org/ns/projectui-open-files/2">
        <group>
            <file>file:/Z:/DistributedSystems/Assignment2/Assignment2-war/src/java/Servlets/LoginService.java</file>
            <file>file:/Z:/DistributedSystems/Assignment2/Assignment2-war/src/java/Servlets/PostService.java</file>
            <file>file:/Z:/DistributedSystems/Assignment2/Assignment2-war/web/WEB-INF/web.xml</file>
            <file>file:/Z:/DistributedSystems/Assignment2/Assignment2-war/src/java/Servlets/LikeService.java</file>
            <file>file:/Z:/DistributedSystems/Assignment2/Assignment2-war/src/java/Servlets/LogoutService.java</file>
            <file>file:/Z:/DistributedSystems/Assignment2/Assignment2-war/web/index.jsp</file>
            <file>file:/Z:/DistributedSystems/Assignment2/Assignment2-war/web/login.jsp</file>
            <file>file:/Z:/DistributedSystems/Assignment2/Assignment2-war/web/newPost.jsp</file>
            <file>file:/Z:/DistributedSystems/Assignment2/Assignment2-war/web/userHomePage.jsp</file>
            <file>file:/Z:/DistributedSystems/Assignment2/Assignment2-war/web/newsFeed.jsp</file>
        </group>
    </open-files>
</project-private>
